countryid,country,position,positionLabel,officeholder,officeholderLabel,start_year,end_year
Q889,Afghanistan,Q532240,Prime Minister of Afghanistan,Q108444479,Mohammad Hasan Akhund,2023,
Q889,Afghanistan,Q108130107,Supreme Leader of Afghanistan,Q24237654,Hibatullah Akhundzada,2021,
Q222,Albania,Q1625960,President of Albania,Q727132,Ilir Meta,2017,2022
Q222,Albania,Q1625960,President of Albania,Q107422711,Bajram Begaj,2022,
Q222,Albania,Q16009376,Prime Minister of Albania,Q316901,Edi Rama,2013,
Q262,Algeria,Q2914452,President of Algeria,Q2821166,Abdelmadjid Tebboune,2019,
Q262,Algeria,Q182762,Prime Minister of Algeria,Q133540883,Sifi Ghrieb,2025,
Q228,Andorra,Q19808790,Episcopal Co-Prince,Q93244592,Josep-Lluís Serrano Pentinat,2025,
Q228,Andorra,Q19808845,French co-prince of Andorra,Q3052772,Emmanuel Macron,2017,
Q228,Andorra,Q634322,Prime Minister of Andorra,Q21001195,Xavier Espot Zamora,2019,
Q916,Angola,Q846091,President of Angola,Q28650390,João Lourenço,2017,
Q781,Antigua and Barbuda,Q602280,Governor-General of Antigua and Barbuda,Q17566330,Rodney Williams,2014,
Q781,Antigua and Barbuda,Q20682527,Prime Minister of Antigua and Barbuda,Q17177542,Gaston Browne,2014,
Q781,Antigua and Barbuda,Q26869636,monarch of Antigua and Barbuda,Q9682,Elizabeth II,1981,2022
Q781,Antigua and Barbuda,Q26869636,monarch of Antigua and Barbuda,Q43274,Charles III,2022,
Q414,Argentina,Q12969145,President of Argentina,Q52395487,Javier Milei,2023,
Q399,Armenia,Q4283840,President of Armenia,Q93153,Armen Sarkissian,2018,2022
Q399,Armenia,Q4283840,President of Armenia,Q20513503,Alen Simonyan,2022,2022
Q399,Armenia,Q4283840,President of Armenia,Q3553274,Vahagn Khachatryan,2022,
Q399,Armenia,Q1123764,Prime Minister of Armenia,Q7035479,Nikol Pashinyan,2021,
Q408,Australia,Q319145,Prime Minister of Australia,Q7436908,Scott Morrison,2018,2022
Q408,Australia,Q319145,Prime Minister of Australia,Q335697,Anthony Albanese,2022,
Q408,Australia,Q14931512,monarch of Australia,Q9682,Elizabeth II,1952,2022
Q408,Australia,Q14931512,monarch of Australia,Q43274,Charles III,2022,
Q40,Austria,Q1006398,Federal Chancellor of Austria,Q64576653,Christian Stocker,2025,
Q40,Austria,Q475658,President of Austria,Q78869,Alexander Van der Bellen,2017,
Q227,Azerbaijan,Q205602,President of Azerbaijan,Q57371,Ilham Aliyev,2003,
Q227,Azerbaijan,Q946064,Prime Minister of Azerbaijan,Q12850075,Ali Asadov,2019,
Q398,Bahrain,Q58150,Prime Minister of Bahrain,Q58140,"Salman bin Hamad, Crown Prince of Bahrain",2020,
Q398,Bahrain,Q42719346,monarch of Bahrain,Q57352,Hamad II of Bahrain,1999,
Q902,Bangladesh,Q596123,President of Bangladesh,Q116763154,Mohammad Shahabuddin,2023,
Q902,Bangladesh,Q14565638,Prime Minister of Bangladesh,Q7686199,Tarique Rahman,2026,
Q244,Barbados,Q108857904,President of Barbados,Q107718230,Jeffrey Bostic,2025,
Q244,Barbados,Q15921525,Prime Minister of Barbados,Q6827147,Mia Mottley,2018,
Q184,Belarus,Q1049659,President of Belarus,Q2866,Alexander Lukashenko,1994,
Q184,Belarus,Q12379704,Prime Minister of Belarus,Q56235580,Alaksandar Turčyn,2025,
Q31,Belgium,Q13592862,King of the Belgians,Q155004,Philippe of Belgium,2013,
Q31,Belgium,Q213107,Prime Minister of Belgium,Q336599,Bart De Wever,2025,
Q242,Belize,Q862638,Prime Minister of Belize,Q6266369,Johnny Briceño,2020,
Q242,Belize,Q34517433,monarch of Belize,Q9682,Elizabeth II,1981,2022
Q242,Belize,Q34517433,monarch of Belize,Q43274,Charles III,2022,
Q962,Benin,Q2407810,President of the Republic of Benin,Q16669148,Patrice Talon,2016,
Q917,Bhutan,Q1261215,King of Bhutan,Q57376,Jigme Khesar Namgyel Wangchuck,2006,
Q917,Bhutan,Q663871,Prime Minister of Bhutan,Q7849613,Tshering Tobgay,2024,
Q750,Bolivia,Q373548,president of Bolivia,Q110520817,Rodrigo Paz Pereira,2025,
Q225,Bosnia and Herzegovina,Q16020744,Chairman of the Council of Ministers of Bosnia and Herzegovina,Q387491,Borjana Krišto,2023,
Q963,Botswana,Q866725,President of Botswana,Q18618891,Mokgweetsi Masisi,2018,
Q963,Botswana,Q866725,President of Botswana,Q18618881,Duma Boko,2024,
Q155,Brazil,Q5176750,President of Brazil,Q10304982,Jair Bolsonaro,2019,2022
Q155,Brazil,Q5176750,President of Brazil,Q37181,Luiz Inácio Lula da Silva (Born 1945),2023,
Q921,Brunei,Q889927,Sultan of Brunei Darussalam,Q57327,Hassanal Bolkiah I of Brunei,1967,
Q219,Bulgaria,Q14946265,President of Bulgaria,Q26257557,Rumen Radev,2017,2022
Q219,Bulgaria,Q14946265,President of Bulgaria,Q433338,Iliana Iotova,2026,
Q219,Bulgaria,Q4404583,Prime Minister of Bulgaria,Q106928258,Kiril Petkov,2021,2022
Q219,Bulgaria,Q4404583,Prime Minister of Bulgaria,Q26257557,Rumen Radev,2026,
Q219,Bulgaria,Q4404583,Prime Minister of Bulgaria,Q110313525,Andrey Gyurov,2026,
Q965,Burkina Faso,Q1402561,military leader,Q27146606,Q27146606,2016,
Q967,Burundi,Q19057827,President of Burundi,Q27329764,Évariste Ndayishimiye,2020,
Q967,Burundi,Q52728003,Prime Minister of Burundi,Q27231038,Alain-Guillaume Bunyoni,2020,2022
Q967,Burundi,Q52728003,Prime Minister of Burundi,Q107136851,Gervais Ndirakobuca,2022,
Q967,Burundi,Q52728003,Prime Minister of Burundi,Q135650664,Nestor Ntahontuye,2025,
Q424,Cambodia,Q42298242,King of Cambodia,Q57319,Norodom Sihamoni,2004,
Q424,Cambodia,Q1999325,Prime Minister of Cambodia,Q13024351,Hun Manet,2023,
Q1009,Cameroon,Q19158914,President of Cameroon,Q57272,Paul Biya,1982,
Q1009,Cameroon,Q17051823,Prime Minister of Cameroon,Q60441515,Joseph Ngute,2019,
Q16,Canada,Q839078,Prime Minister of Canada,Q192533,Mark Carney,2025,
Q16,Canada,Q14931511,monarch of Canada,Q9682,Elizabeth II,1952,2022
Q16,Canada,Q14931511,monarch of Canada,Q43274,Charles III,2022,
Q1011,Cape Verde,Q19058382,President of Cape Verde,Q57649,José Maria Neves,2021,
Q1011,Cape Verde,Q30100568,Prime Minister of Cabo Verde,Q23899522,Ulisses Correia e Silva,2016,
Q929,Central African Republic,Q15710848,President of the Central African Republic,Q57758,Faustin-Archange Touadéra,2016,
Q929,Central African Republic,Q16773091,Prime Minister of the Central African Republic,Q107273326,Henri-Marie Dondra,2021,2022
Q929,Central African Republic,Q16773091,Prime Minister of the Central African Republic,Q88310768,Félix Moloua,2022,
Q657,Chad,Q28003132,President of Chad,Q16206405,Mahamat Déby,2021,
Q298,Chile,Q466956,President of Chile,Q306,Sebastián Piñera,2018,2022
Q298,Chile,Q466956,President of Chile,Q5937916,José Antonio Kast,2026,
Q739,Colombia,Q853475,President of Colombia,Q17478000,Iván Duque,2018,2022
Q739,Colombia,Q853475,President of Colombia,Q704022,Gustavo Petro,2022,
Q970,Comoros,Q28015452,President of Comoros,Q515602,Azali Assoumani,2019,
Q800,Costa Rica,Q27977064,President of Costa Rica,Q26996246,Carlos Alvarado Quesada,2018,2022
Q800,Costa Rica,Q27977064,President of Costa Rica,Q98017689,Rodrigo Chaves,2022,
Q800,Costa Rica,Q27977064,President of Costa Rica,Q114705150,Laura Fernández Delgado,2026,
Q224,Croatia,Q268984,President of Croatia,Q57687,Zoran Milanović,2020,
Q224,Croatia,Q1195270,Prime Minister of Croatia,Q11685764,Andrej Plenković,2016,
Q241,Cuba,Q1370482,President of Cuba,Q1932603,Miguel Díaz-Canel,2018,
Q241,Cuba,Q6502015,Prime Minister of Cuba,Q79358625,Manuel Marrero Cruz,2019,
Q229,Cyprus,Q841760,President of Cyprus,Q48905549,Nicos Christodoulides,2023,
Q213,Czech Republic,Q1819381,President of the Czech Republic,Q2080040,Petr Pavel,2023,
Q974,Democratic Republic of the Congo,Q3409199,President of the Democratic Republic of the Congo,Q29032770,Félix Tshisekedi,2019,
Q974,Democratic Republic of the Congo,Q3401753,Prime Minister of the Democratic Republic of the Congo,Q117472023,Judith Suminwa,2024,
Q977,Djibouti,Q19058485,President of Djibouti,Q57390,Ismail Omar Guelleh,1999,
Q977,Djibouti,Q30100591,Prime Minister of Djibouti,Q10522744,Abdoulkader Kamil Mohamed,2013,
Q784,Dominica,Q1756747,Prime Minister of Dominica,Q57823,Roosevelt Skerrit,2004,
Q784,Dominica,Q20087535,president of Dominica,Q122208779,Sylvanie Burton,2023,
Q786,Dominican Republic,Q607982,President of the Dominican Republic,Q16594097,Luis Abinader,2020,
Q736,Ecuador,Q732562,President of Ecuador,Q112075625,Daniel Noboa,2023,
Q79,Egypt,Q15618993,President of Egypt,Q307871,Abdel Fattah el-Sisi,2014,
Q79,Egypt,Q1571396,Prime Minister of Egypt,Q54901515,Mostafa Madbouly,2018,
Q792,El Salvador,Q878151,President of El Salvador,Q17712353,Nayib Bukele,2019,
Q983,Equatorial Guinea,Q19058522,President of Equatorial Guinea,Q57385,Teodoro Obiang,1979,
Q983,Equatorial Guinea,Q2351213,Prime Minister of Equatorial Guinea,Q112175210,Manuela Roka,2023,
Q983,Equatorial Guinea,Q2351213,Prime Minister of Equatorial Guinea,Q129263796,Manuel Osa Nsue Nsua,2024,
Q986,Eritrea,Q19108193,President of Eritrea,Q57348,Isaias Afwerki,1993,
Q191,Estonia,Q890005,President of Estonia,Q12358575,Alar Karis,2021,
Q191,Estonia,Q737115,Prime Minister of Estonia,Q1789192,Kristen Michal,2024,
Q1050,Eswatini,Q29570674,King of Eswatini,Q57340,Mswati III,1986,
Q1050,Eswatini,Q30101440,Prime Minister of Eswatini,Q123342092,Russell Dlamini,2023,
Q115,Ethiopia,Q3409186,President of Ethiopia,Q124831090,Taye Atske Selassie,2024,
Q115,Ethiopia,Q1788970,Prime Minister of Ethiopia,Q335738,Tesfaye Dinka,1991,
Q115,Ethiopia,Q1788970,Prime Minister of Ethiopia,Q50365049,Abiy Ahmed,2018,
Q702,Federated States of Micronesia,Q30133416,President of the Federated States of Micronesia,Q7984081,Wesley Simina,2023,
Q712,Fiji,Q76292543,President of Fiji,Q6959729,Naiqama Lalabalavu,2024,
Q712,Fiji,Q1469153,Prime Minister of Fiji,Q57830,Frank Bainimarama,2007,2022
Q712,Fiji,Q1469153,Prime Minister of Fiji,Q981549,Sitiveni Rabuka,2022,
Q33,Finland,Q29558,President of Finland,Q503143,Alexander Stubb,2024,
Q33,Finland,Q738695,Prime Minister of Finland,Q6029546,Petteri Orpo,2023,
Q142,France,Q191954,President of the French Republic,Q3052772,Emmanuel Macron,2017,
Q142,France,Q1587677,Prime Minister of France,Q3171170,Jean Castex,2020,2022
Q142,France,Q1587677,Prime Minister of France,Q20089181,Sébastien Lecornu,2025,
Q1000,Gabon,Q19109718,President of Gabon,Q122067521,Brice Clotaire Oligui Nguema,2023,
Q1000,Gabon,Q30100607,Prime Minister of Gabon,Q57856,Raymond Ndong Sima,2023,
Q230,Georgia,Q843405,President of Georgia,Q711893,Mikheil Kavelashvili,2024,
Q230,Georgia,Q1975365,Prime Minister of Georgia,Q27885302,Irakli Kobakhidze,2024,
Q183,Germany,Q4970706,Federal Chancellor of Germany,Q566257,Friedrich Merz,2025,
Q183,Germany,Q25223,president of Germany,Q76658,Frank-Walter Steinmeier,2017,
Q117,Ghana,Q2672728,President of Ghana,Q50678,John Mahama,2025,
Q41,Greece,Q3409203,President of Greece,Q20995518,Konstantinos Tasoulas,2025,
Q41,Greece,Q4377230,Prime Minister of Greece,Q552751,Kyriakos Mitsotakis,2023,
Q769,Grenada,Q30100613,Prime Minister of Grenada,Q370110,Keith Mitchell,2013,2022
Q769,Grenada,Q30100613,Prime Minister of Grenada,Q112679881,Dickon Mitchell,2022,
Q769,Grenada,Q26869646,monarch of Grenada,Q9682,Elizabeth II,1974,2022
Q769,Grenada,Q26869646,monarch of Grenada,Q43274,Charles III,2022,
Q774,Guatemala,Q6085537,president of Guatemala,Q107254030,Bernardo Arévalo de León,2024,
Q1006,Guinea,Q28015517,President of Guinea,Q108418519,Mamady Doumbouya,2021,
Q1006,Guinea,Q14917303,Prime Minister of Guinea,Q66708545,Mohamed Béavogui,2021,2022
Q1006,Guinea,Q14917303,Prime Minister of Guinea,Q22209348,Bah Oury,2024,
Q1007,Guinea-Bissau,Q28015461,President of Guinea-Bissau,Q137049690,Horta Inta-A Na Man,2025,
Q1007,Guinea-Bissau,Q30101458,Prime Minister of Guinea-Bissau,Q627337,Rui Duarte de Barros,2023,
Q734,Guyana,Q685925,President of Guyana,Q64840184,Irfaan Ali,2020,
Q734,Guyana,Q376006,Prime Minister of Guyana,Q98053664,Mark Phillips,2020,
Q790,Haiti,Q1064589,Prime Minister of Haiti,Q131140314,Alix Didier Fils-Aimé,2024,
Q783,Honduras,Q13341442,President of Honduras,Q5951723,Juan Orlando Hernández,2014,2022
Q783,Honduras,Q13341442,President of Honduras,Q16146159,Q16146159,2026,
Q28,Hungary,Q520765,President of Hungary,Q57467,János Áder,2017,2022
Q28,Hungary,Q520765,President of Hungary,Q28599854,Tamás Sulyok,2024,
Q28,Hungary,Q3315094,Prime Minister of Hungary,Q124488292,Péter Magyar,2026,
Q189,Iceland,Q19188924,President of Iceland,Q24494577,Halla Tómasdóttir,2024,
Q189,Iceland,Q19190022,Prime Minister of Iceland,Q108856371,Kristrún Mjöll Frostadóttir,2024,
Q668,India,Q313383,President of India,Q16845347,Ram Nath Kovind,2017,2022
Q668,India,Q313383,President of India,Q19901232,Droupadi Murmu,2022,
Q668,India,Q192711,Prime Minister of India,Q1058,Narendra Modi,2014,
Q252,Indonesia,Q11755916,President of Indonesia,Q2107268,Prabowo Subianto,2024,
Q794,Iran,Q838380,President of Iran,Q5933752,Masoud Pezeshkian,2024,
Q796,Iraq,Q889817,President of Iraq,Q808173,Barham Salih,2018,2022
Q796,Iraq,Q889817,President of Iraq,Q6496078,Abdul Latif Rashid,2022,
Q796,Iraq,Q1476165,Prime Minister of Iraq,Q85317569,Mustafa Al-Kadhimi,2020,2022
Q796,Iraq,Q1476165,Prime Minister of Iraq,Q3700793,Muhammad Shia' al-Sudani,2022,
Q796,Iraq,Q1476165,Prime Minister of Iraq,Q139573306,Ali Falih Al-Zaidi,2026,
Q27,Ireland,Q213702,President of Ireland,Q5052598,Catherine Connolly,2025,
Q27,Ireland,Q191827,Taoiseach,Q920403,Micheál Martin,2020,2022
Q27,Ireland,Q191827,Taoiseach,Q920403,Micheál Martin,2025,
Q38,Italy,Q332711,President of Italy,Q3956186,Sergio Mattarella,2015,
Q38,Italy,Q796897,Prime Minister of Italy,Q294460,Mario Draghi,2021,2022
Q38,Italy,Q796897,Prime Minister of Italy,Q451791,Giorgia Meloni,2022,
Q1008,Ivory Coast,Q3409195,President of the Ivory Coast,Q57413,Alassane Ouattara,2010,
Q1008,Ivory Coast,Q3401763,Prime Minister of Ivory Coast,Q3434569,Robert Beugré Mambé,2023,
Q766,Jamaica,Q1472951,Governor-General of Jamaica,Q109147,Patrick Allen,2009,
Q766,Jamaica,Q1430943,Prime Minister of Jamaica,Q505200,Andrew Holness,2016,
Q766,Jamaica,Q26869648,monarch of Jamaica,Q9682,Elizabeth II,1962,2022
Q766,Jamaica,Q26869648,monarch of Jamaica,Q43274,Charles III,2022,
Q17,Japan,Q208233,Emperor of Japan,Q217096,Naruhito,2019,
Q17,Japan,Q274948,Prime Minister of Japan,Q359480,Fumio Kishida,2021,2022
Q17,Japan,Q274948,Prime Minister of Japan,Q1705028,Sanae Takaichi,2025,
Q810,Jordan,Q14625123,King of Jordan,Q57464,Abdullah II of Jordan,1999,
Q810,Jordan,Q7243300,Prime Minister of Jordan,Q97011032,Jafar Hassan,2024,
Q232,Kazakhstan,Q5256775,President of Kazakhstan,Q200881,Qasym-Jomart Toqaev,2019,
Q232,Kazakhstan,Q2416315,Prime Minister of Kazakhstan,Q527063,Asqar Mamin,2019,2022
Q232,Kazakhstan,Q2416315,Prime Minister of Kazakhstan,Q124436646,Oljas Bektenov,2024,
Q114,Kenya,Q14784066,President of Kenya,Q196070,Uhuru Kenyatta,2013,2022
Q114,Kenya,Q14784066,President of Kenya,Q195725,William Ruto,2022,
Q756617,Kingdom of Denmark,Q795477,Prime Minister of Denmark,Q5015,Mette Frederiksen,2019,
Q756617,Kingdom of Denmark,Q18341329,monarch of Denmark,Q1004037,Frederik X of Denmark,2024,
Q29999,Kingdom of the Netherlands,Q2045066,King of the Netherlands,Q154952,William Alexander of the Netherlands,2013,
Q29999,Kingdom of the Netherlands,Q3058109,Prime Minister of the Netherlands,Q28860866,Rob Jetten,2026,
Q710,Kiribati,Q878250,President of Kiribati,Q23034482,Taneti Maamau,2016,
Q817,Kuwait,Q30100649,Prime Minister of Kuwait,Q12219691,Sabah Al-Khalid Al-Sabah,2019,2022
Q817,Kuwait,Q30100649,Prime Minister of Kuwait,Q3327520,Mohammad Sabah Al-Salem Al-Sabah,2022,2022
Q817,Kuwait,Q30100649,Prime Minister of Kuwait,Q16151955,Ahmad Al Abdullah Al Sabah,2024,
Q817,Kuwait,Q100877419,emir of Kuwait,Q12243161,Mishal Al-Ahmad Al-Jaber Al-Sabah,2023,
Q813,Kyrgyzstan,Q853036,President of Kyrgyzstan,Q25597826,Sadyr Japarov,2021,
Q813,Kyrgyzstan,Q2333371,Prime Minister of Kyrgyzstan,Q4060344,Akylbek Japarov,2021,
Q819,Laos,Q904139,President of Laos,Q58323,Thongloun Sisoulith,2021,
Q819,Laos,Q778651,Prime Minister of Laos,Q7180477,Phankham Viphavan,2021,2022
Q819,Laos,Q778651,Prime Minister of Laos,Q104914585,Sonexay Siphandone,2022,
Q211,Latvia,Q218014,President of Latvia,Q3047551,Edgars Rinkēvičs,2023,
Q211,Latvia,Q369500,Prime Minister of Latvia,Q61121565,Evika Siliņa,2023,
Q822,Lebanon,Q22001564,President of Lebanon,Q363392,Michel Aoun,2016,2022
Q822,Lebanon,Q22001564,President of Lebanon,Q29033962,Joseph Aoun,2025,
Q822,Lebanon,Q14915225,Prime Minister of Lebanon,Q638463,Nawaf Salam,2025,
Q1013,Lesotho,Q41542585,King of Lesotho,Q57537,Letsie III of Lesotho,1996,
Q1013,Lesotho,Q30101454,Prime Minister of Lesotho,Q91621859,Moeketsi Majoro,2020,2022
Q1013,Lesotho,Q30101454,Prime Minister of Lesotho,Q114588964,Sam Matekane,2022,
Q1014,Liberia,Q19161825,President of Liberia,Q2630483,Joseph Boakai,2024,
Q1016,Libya,Q102181806,Chairman of the Presidential Council,Q105319610,Mohamed al-Menfi,2021,
Q1016,Libya,Q15305714,Prime Minister of Libya,Q105319569,Abd al-Hamid Dbeibeh,2021,
Q1016,Libya,Q15305714,Prime Minister of Libya,Q63285566,Fathi Bashagha,2022,
Q347,Liechtenstein,Q63415597,Prince of Lichtenstein,Q57454,"Hans-Adam II, Prince of Liechtenstein",1989,
Q37,Lithuania,Q845439,Litvánia miniszterelnökeinek listája,Q124516173,Inga Ruginienė,2025,
Q37,Lithuania,Q878222,President of the Republic of Lithuania,Q9268379,Gitanas Nausėda,2019,
Q32,Luxembourg,Q1344632,Prime Minister of Luxembourg,Q592101,Luc Frieden,2023,
Q1019,Madagascar,Q19161338,President of Madagascar,Q136500275,Michael Randrianirina,2025,
Q1019,Madagascar,Q23782691,Prime Minister of Madagascar,Q136542212,Herintsalama Rajaonarivelo,2025,
Q1020,Malawi,Q15921529,President of Malawi,Q7176020,Peter Mutharika,2025,
Q833,Malaysia,Q862559,Prime Minister of Malaysia,Q6084858,Ismail Sabri Yaakob,2021,2022
Q833,Malaysia,Q862559,Prime Minister of Malaysia,Q299574,Anwar Ibrahim,2022,
Q833,Malaysia,Q174156,Yang di-Pertuan Agong,Q2657043,Ibrahim Iskandar of Johor,2024,
Q826,Maldives,Q1064606,President of the Maldives,Q116293030,Mohamed Muizzu,2023,
Q912,Mali,Q47006779,President of Mali,Q98497406,Assimi Goïta,2021,
Q912,Mali,Q30100640,Prime Minister of Mali,Q113577661,Abdoulaye Maïga,2022,2022
Q912,Mali,Q30100640,Prime Minister of Mali,Q113577661,Abdoulaye Maïga,2024,
Q233,Malta,Q796593,President of Malta,Q1647394,Myriam Spiteri Debono,2024,
Q233,Malta,Q152814,Prime Minister of Malta,Q37860840,Robert Abela,2020,
Q709,Marshall Islands,Q3736673,President of the Marshall Islands,Q20090884,Hilda Heine,2024,
Q1025,Mauritania,Q28002551,President of Mauritania,Q12241106,Mohamed Ould Ghazouani,2019,
Q1025,Mauritania,Q30101469,Prime Minister of Mauritania,Q66793577,Moctar Ould Djay,2024,
Q1027,Mauritius,Q3286988,President of Mauritius,Q131403499,Dharam Gokhool,2024,
Q96,Mexico,Q628004,President of Mexico,Q5771800,Q5771800,2024,
Q217,Moldova,Q312271,President of Moldova,Q15071069,Maia Sandu,2020,
Q217,Moldova,Q1769526,Prime Minister of Moldova,Q136489383,Alexandru Munteanu,2025,
Q235,Monaco,Q2457774,Prince of Monaco,Q3910,"Albert II, Prince of Monaco",2005,
Q711,Mongolia,Q756265,President of Mongolia,Q27058418,Khurelsukh Ukhnaa,2021,
Q711,Mongolia,Q903751,Prime Minister of Mongolia,Q110962738,Uchral Nyam-Osor,2026,
Q236,Montenegro,Q1149153,President of Montenegro,Q104417661,Jakov Milatović,2023,
Q236,Montenegro,Q2353252,Prime Minister of Montenegro,Q97999161,Zdravko Krivokapić,2020,2022
Q236,Montenegro,Q2353252,Prime Minister of Montenegro,Q101225458,Milojko Spajić,2023,
Q1028,Morocco,Q14566719,King of Morocco,Q57553,Mohammed VI of Morocco,1999,
Q1028,Morocco,Q19842743,Prime Minister of Morocco,Q1638114,Aziz Akhannouch,2021,
Q1029,Mozambique,Q18565665,President of Mozambique,Q97058466,Daniel Chapo,2025,
Q1029,Mozambique,Q30100629,Prime Minister of Mozambique,Q19057400,Carlos Agostinho do Rosário,2015,2022
Q1029,Mozambique,Q30100629,Prime Minister of Mozambique,Q6761049,Maria Benvinda Levy,2025,
Q836,Myanmar,Q887124,President of Myanmar,Q8023642,Win Myint,2021,
Q836,Myanmar,Q887124,President of Myanmar,Q3462649,Min Aung Hlaing,2024,
Q836,Myanmar,Q105234803,State Administration Council,Q19718465,Mya Tun Oo,2021,
Q836,Myanmar,Q105234803,State Administration Council,Q105234492,Tin Aung San,2021,
Q836,Myanmar,Q105234803,State Administration Council,Q131385525,Maung Maung Aye,2023,
Q836,Myanmar,Q105234803,State Administration Council,Q116822184,Moe Aung,2024,
Q1030,Namibia,Q647198,President of the Republic of Namibia,Q527020,Netumbo Nandi-Ndaitwah,2025,
Q1030,Namibia,Q1333976,Prime Minister of the Republic of Namibia,Q5360975,Elijah Ngurare,2025,
Q697,Nauru,Q628102,President of Nauru,Q66765492,Lionel Aingimea,2019,2022
Q697,Nauru,Q628102,President of Nauru,Q58096,David Adeang,2023,
Q837,Nepal,Q153756,President of Nepal,Q3183124,Ram Chandra Poudel,2023,
Q837,Nepal,Q30100626,Prime Minister of Nepal,Q470903,Sher Bahadur Deuba,2021,2022
Q837,Nepal,Q30100626,Prime Minister of Nepal,Q111772343,Balendra Shah,2026,
Q664,New Zealand,Q1071117,Prime Minister of New Zealand,Q74370310,Christopher Luxon,2023,
Q664,New Zealand,Q14931517,monarch of New Zealand,Q9682,Elizabeth II,1952,2022
Q664,New Zealand,Q14931517,monarch of New Zealand,Q43274,Charles III,2022,
Q811,Nicaragua,Q852448,President of Nicaragua,Q57402,Cara de picha,2025,
Q811,Nicaragua,Q852448,President of Nicaragua,Q3034382,Rosario Murillo,2025,
Q1032,Niger,Q30100634,Prime Minister of Niger,Q2646711,Ali Lamine Zeine,2023,
Q1033,Nigeria,Q500282,President of Nigeria,Q3510872,Bola Ahmed Tinubu,2023,
Q423,North Korea,Q7240364,Premier of North Korea,Q25035961,Kim Tok-hun,2020,
Q423,North Korea,Q56876342,Supreme Leader of North Korea,Q56226,Kim Jong-un,2011,
Q221,North Macedonia,Q678492,President of North Macedonia,Q12277168,Gordana Siljanovska-Davkova,2024,
Q221,North Macedonia,Q1776220,Prime Minister of North Macedonia,Q220579,Zoran Zaev,2020,2022
Q221,North Macedonia,Q1776220,Prime Minister of North Macedonia,Q46675558,Hristijan Mickoski,2024,
Q20,Norway,Q1294765,Monarch of Norway,Q57287,Harald V of Norway,1991,
Q20,Norway,Q2334076,Prime Minister of Norway,Q467948,Jonas Gahr Støre,2021,
Q842,Oman,Q28478447,Sultan of Oman,Q12250314,Haitham bin Tarik Al Said,2020,
Q843,Pakistan,Q473984,President of Pakistan,Q57373,Asif Ali Zardari,2024,
Q843,Pakistan,Q735575,Prime Minister of Pakistan,Q155164,Imran Khan,2018,2022
Q843,Pakistan,Q735575,Prime Minister of Pakistan,Q2096387,Shehbaz Sharif,2024,
Q695,Palau,Q878329,President of Palau,Q26703072,Surangel Whipps Jr.,2021,
Q219060,Palestine,Q15041211,Prime Minister of the State of Palestine,Q20423278,Mohammad Mustafa,2024,
Q219060,Palestine,Q3911022,president of the State of Palestine,Q127998,Mahmoud Abbas,2008,
Q804,Panama,Q886965,President of Panama,Q108454869,José Raúl Mulino,2024,
Q691,Papua New Guinea,Q1074656,Prime Minister of Papua New Guinea,Q6138903,James Marape,2019,
Q691,Papua New Guinea,Q34518124,monarch of Papua New Guinea,Q9682,Elizabeth II,1975,2022
Q691,Papua New Guinea,Q34518124,monarch of Papua New Guinea,Q43274,Charles III,2022,
Q733,Paraguay,Q34071,President of Paraguay,Q22695687,Santiago Peña Palacios,2023,
Q148,People's Republic of China,Q4122271,Premier of the People's Republic of China,Q4414390,Li Qiang,2023,
Q148,People's Republic of China,Q655407,President of the People's Republic of China,Q15031,Xi Jinping,2013,
Q419,Peru,Q5708511,President of Peru,Q103838608,Pedro Castillo,2021,2022
Q419,Peru,Q5708511,President of Peru,Q108414587,José María Balcázar,2026,
Q928,Philippines,Q1209571,President of the Philippines,Q457786,Rodrigo Duterte,2016,2022
Q928,Philippines,Q1209571,President of the Philippines,Q983324,Bongbong Marcos,2022,
Q36,Poland,Q1054799,President of the Republic of Poland,Q17704749,Karol Nawrocki,2025,
Q36,Poland,Q3259469,Prime Minister of Poland,Q946,Donald Tusk,2023,
Q45,Portugal,Q322459,President of Portugal,Q1580316,António José Seguro,2026,
Q45,Portugal,Q1723031,Prime Minister of Portugal,Q11764394,Luís Montenegro,2024,
Q846,Qatar,Q25711499,Emir of the State of Qatar,Q1855372,Tamim bin Hamad Al,2013,
Q846,Qatar,Q30100647,Prime Minister of Qatar,Q23020336,Mohammed bin Abdulrahman Al Thani,2023,
Q971,Republic of the Congo,Q10353660,President of the Republic of the Congo,Q57418,Denis Sassou-Nguesso,1997,
Q971,Republic of the Congo,Q30101451,Prime Minister of the Republic of the Congo,Q4752077,Anatole Collinet Makosso,2021,
Q218,Romania,Q15304810,Prime Minister of Romania,Q18538164,Ilie Bolojan,2025,
Q218,Romania,Q839139,president of Romania,Q11163124,Nicușor Dan,2025,
Q159,Russia,Q218295,President of Russia,Q7747,Vladimir Putin,2012,
Q159,Russia,Q842386,Prime Minister of Russia,Q4298520,Mikhail Mishustin,2020,
Q1037,Rwanda,Q19057726,President of Rwanda,Q1231345,Paul Kagame,2000,
Q1037,Rwanda,Q2590706,Prime Minister of Rwanda,Q135454730,Justin Nsengiyumva,2025,
Q763,Saint Kitts and Nevis,Q30101336,Prime Minister of St Kitts and Nevis,Q3529064,Timothy Harris,2015,2022
Q763,Saint Kitts and Nevis,Q30101336,Prime Minister of St Kitts and Nevis,Q113443525,Terrance Drew,2022,
Q763,Saint Kitts and Nevis,Q26869650,monarch of Saint Kitts and Nevis,Q9682,Elizabeth II,1983,2022
Q763,Saint Kitts and Nevis,Q26869650,monarch of Saint Kitts and Nevis,Q43274,Charles III,2022,
Q760,Saint Lucia,Q30101433,Prime Minister of Saint Lucia,Q7184214,Philip J. Pierre,2021,
Q760,Saint Lucia,Q34517722,monarch of Saint Lucia,Q9682,Elizabeth II,1979,2022
Q760,Saint Lucia,Q34517722,monarch of Saint Lucia,Q43274,Charles III,2022,
Q757,Saint Vincent and the Grenadines,Q30101507,Prime Minister of Saint Vincent and the Grenadines,Q57800,Ralph Gonsalves,2001,
Q757,Saint Vincent and the Grenadines,Q26869653,monarch of Saint Vincent and the Grenadines,Q9682,Elizabeth II,1979,2022
Q757,Saint Vincent and the Grenadines,Q26869653,monarch of Saint Vincent and the Grenadines,Q43274,Charles III,2022,
Q683,Samoa,Q1258128,O le Ao o le Malo,Q32014514,Va'aletoa Sualauvi II,2017,
Q683,Samoa,Q1277355,Prime Minister of Samoa,Q16734600,Laʻauli Leuatea Schmidt,2025,
Q238,San Marino,Q258045,Captain Regent of San Marino,Q887796,Francesco Mussoni,2021,2022
Q238,San Marino,Q258045,Captain Regent of San Marino,Q108584119,Giacomo Simoncini,2021,2022
Q238,San Marino,Q258045,Captain Regent of San Marino,Q888482,Oscar Mina,2022,2022
Q238,San Marino,Q258045,Captain Regent of San Marino,Q7132238,Paolo Rondelli,2022,2022
Q238,San Marino,Q258045,Captain Regent of San Marino,Q106519616,Lorenzo Bugli,2025,
Q238,San Marino,Q258045,Captain Regent of San Marino,Q123678970,Matteo Rossi,2025,
Q851,Saudi Arabia,Q850168,King of Saudi Arabia,Q367825,Salman bin Abdulaziz Al Saud,2015,
Q851,Saudi Arabia,Q1153839,Prime Minister of Saudi Arabia,Q367825,Salman bin Abdulaziz Al Saud,2015,2022
Q851,Saudi Arabia,Q1153839,Prime Minister of Saudi Arabia,Q6892571,Mohammed bin Salman Al Saud,2022,
Q1041,Senegal,Q19116034,President of Senegal,Q124382437,Bassirou Diomaye Faye,2024,
Q403,Serbia,Q889830,President of Serbia,Q222031,Aleksandar Vučić,2017,
Q403,Serbia,Q835586,Prime Minister of Serbia,Q42478807,Đuro Macut,2025,
Q1042,Seychelles,Q18463915,President of Seychelles,Q1568174,Wavel Ramkalawan,2020,
Q1042,Seychelles,Q18463915,President of Seychelles,Q16190544,Patrick Herminie,2025,
Q1044,Sierra Leone,Q890010,President of Sierra Leone,Q283829,Julius Maada Bio,2018,
Q334,Singapore,Q39021,President of Singapore,Q983752,Tharman Shanmugaratnam,2023,
Q334,Singapore,Q866756,Prime Minister of Singapore,Q6504758,Lawrence Wong,2024,
Q214,Slovakia,Q6468838,President of Slovakia,Q17330556,Peter Pellegrini,2024,
Q214,Slovakia,Q45369,Prime Minister of Slovakia,Q57606,Robert Fico,2023,
Q215,Slovenia,Q495877,President of Slovenia,Q206471,Borut Pahor,2012,2022
Q215,Slovenia,Q495877,President of Slovenia,Q12797332,Nataša Pirc Musar,2022,
Q215,Slovenia,Q45758,Prime Minister of Slovenia,Q57627,Janez Janša,2020,2022
Q215,Slovenia,Q45758,Prime Minister of Slovenia,Q18645045,Robert Golob,2022,
Q685,Solomon Islands,Q1425954,Prime Minister of the Solomon Islands,Q6180897,Jeremiah Manele,2024,
Q685,Solomon Islands,Q34518009,monarch of the Solomon Islands,Q9682,Elizabeth II,1978,2022
Q685,Solomon Islands,Q34518009,monarch of the Solomon Islands,Q43274,Charles III,2022,
Q1045,Somalia,Q19364214,President of Somalia,Q558575,Mohamed Abdullahi Mohamed,2017,2022
Q1045,Somalia,Q19364214,President of Somalia,Q319153,Hassan Sheikh Mohamud,2022,
Q1045,Somalia,Q1335939,Prime Minister of Somalia,Q99605101,Mohamed Hussein Roble,2020,2022
Q1045,Somalia,Q1335939,Prime Minister of Somalia,Q112598575,Hamza Abdi Barre,2022,
Q258,South Africa,Q273884,President of South Africa,Q1148669,Cyril Ramaphosa,2018,
Q884,South Korea,Q6296418,President of South Korea,Q21001,Moon Jae-in,2017,2022
Q884,South Korea,Q6296418,President of South Korea,Q12612463,Lee Jae Myung,2025,
Q958,South Sudan,Q19362922,President of South Sudan,Q57315,Salva Kiir Mayardit,2011,
Q29,Spain,Q844587,Prime Minister of Spain,Q6070218,Pedro Sánchez,2023,
Q29,Spain,Q3847454,monarch of Spain,Q191045,Felipe VI of Spain,2014,
Q854,Sri Lanka,Q2914380,President of Sri Lanka,Q1538702,Gotabaya Rajapaksa,2019,2022
Q854,Sri Lanka,Q2914380,President of Sri Lanka,Q4777855,Anura Kumara Dissanayake,2024,
Q1049,Sudan,Q30100623,Prime Minister of Sudan,Q27654948,Abdalla Hamdok,2021,2022
Q1049,Sudan,Q30100623,Prime Minister of Sudan,Q110629734,Osman Hussein,2022,
Q1049,Sudan,Q30100623,Prime Minister of Sudan,Q6357939,Kamil Idris,2025,
Q730,Suriname,Q878254,President of Suriname,Q440403,Jennifer Geerlings-Simons,2025,
Q34,Sweden,Q1268572,Monarch of Sweden,Q45068,Carl XVI Gustaf of Sweden,1973,
Q34,Sweden,Q687075,Prime Minister of Sweden,Q4935873,Magdalena Andersson,2021,2022
Q34,Sweden,Q687075,Prime Minister of Sweden,Q1780398,Ulf Kristersson,2022,
Q39,Switzerland,Q11811941,Member of the Swiss Federal Council,Q123979,Ueli Maurer,2009,2022
Q39,Switzerland,Q11811941,Member of the Swiss Federal Council,Q122991,Simonetta Sommaruga,2010,2022
Q39,Switzerland,Q11811941,Member of the Swiss Federal Council,Q121160,Guy Parmelin,2016,
Q39,Switzerland,Q11811941,Member of the Swiss Federal Council,Q117254,Ignazio Cassis,2017,
Q39,Switzerland,Q11811941,Member of the Swiss Federal Council,Q115881,Karin Keller-Sutter,2019,
Q39,Switzerland,Q11811941,Member of the Swiss Federal Council,Q119388,Albert Rösti,2023,
Q39,Switzerland,Q11811941,Member of the Swiss Federal Council,Q121285,Elisabeth Baume-Schneider,2023,
Q39,Switzerland,Q11811941,Member of the Swiss Federal Council,Q813067,Beat Jans,2024,
Q39,Switzerland,Q11811941,Member of the Swiss Federal Council,Q47551476,Martin Pfister,2025,
Q39,Switzerland,Q688230,President of the Swiss Confederation,Q121160,Guy Parmelin,2026,
Q858,Syria,Q648464,President of the Syrian Arab Republic,Q7934206,Ahmed al-Sharaa,2025,
Q1039,São Tomé and Príncipe,Q19058289,President of São Tomé and Príncipe,Q27982047,Carlos Vila Nova,2021,
Q1039,São Tomé and Príncipe,Q20551579,Prime Minister of São Tomé and Príncipe,Q57085436,Jorge Bom Jesus,2018,2022
Q1039,São Tomé and Príncipe,Q20551579,Prime Minister of São Tomé and Príncipe,Q459822,Patrice Trovoada,2022,
Q1039,São Tomé and Príncipe,Q20551579,Prime Minister of São Tomé and Príncipe,Q131749390,Américo Ramos,2025,
Q865,Taiwan,Q702650,Premier of the Republic of China,Q9182314,Chen Chien-jen,2023,
Q865,Taiwan,Q702650,Premier of the Republic of China,Q5116472,Cho Jung-tai,2024,
Q865,Taiwan,Q887003,President of the Republic of China,Q3847080,Lai Ching-te,2024,
Q863,Tajikistan,Q2734978,Prime Minister of Tajikistan,Q15222839,Kokhir Rasulzoda,2013,
Q863,Tajikistan,Q1044136,president of Tajikistan,Q57366,Emomali Rahmon,1994,
Q924,Tanzania,Q7241291,President of Tanzania,Q16193885,Samia Suluhu Hassan,2021,
Q869,Thailand,Q27330121,King of Thailand,Q548733,Vajiralongkorn,2016,
Q869,Thailand,Q12376089,Prime Minister of Thailand,Q15724737,Prawit Wongsuwon,2022,2022
Q869,Thailand,Q12376089,Prime Minister of Thailand,Q16139757,Anutin Charnvirakul,2025,
Q778,The Bahamas,Q565424,Prime Minister of the Bahamas,Q7183082,"Philip ""Brave"" Davis",2021,
Q778,The Bahamas,Q26869642,monarch of the Bahamas,Q9682,Elizabeth II,1973,2022
Q778,The Bahamas,Q26869642,monarch of the Bahamas,Q43274,Charles III,2022,
Q1005,The Gambia,Q15921518,President of the Gambia,Q27917049,Adama Barrow,2017,
Q574,Timor-Leste,Q586047,President of East Timor,Q897790,Francisco Guterres,2017,2022
Q574,Timor-Leste,Q586047,President of East Timor,Q11665,José Ramos-Horta,2022,
Q574,Timor-Leste,Q978708,Prime Minister of East Timor,Q11509,Xanana Gusmão,2023,
Q945,Togo,Q28015471,President of Togo,Q6169516,Jean-Lucien Savi de Tové,2025,
Q945,Togo,Q30100661,President of the Council of Ministers of Togo,Q4414,Faure Essozimna Gnassingbé,2025,
Q678,Tonga,Q42298576,Monarch of Tonga,Q208497,Tupou VI of Tonga,2012,
Q678,Tonga,Q915636,Prime Minister of Tonga,Q5437258,"Fatafehi Fakafānua, 8th Lord Fakafānua",2025,
Q754,Trinidad and Tobago,Q30101326,Prime Minister of Trinidad and Tobago,Q57712,Kamla Persad-Bissessar,2025,
Q948,Tunisia,Q14911897,President of Tunisia,Q16120878,Kais Saied,2019,
Q948,Tunisia,Q1064106,Prime Minister of Tunisia,Q108892374,Sarra Zaafrani,2025,
Q43,Turkey,Q1922067,President of Turkey,Q39259,Recep Tayyip Erdoğan,2014,
Q874,Turkmenistan,Q1155759,President of Turkmenistan,Q57530,Gurbanguly Berdimuhamedow,2007,2022
Q874,Turkmenistan,Q1155759,President of Turkmenistan,Q51874548,Serdar Berdimuhamedow,2022,
Q672,Tuvalu,Q592866,Prime Minister of Tuvalu,Q6378927,Kausea Natano,2019,
Q672,Tuvalu,Q592866,Prime Minister of Tuvalu,Q5441662,Ben Do,2024,
Q672,Tuvalu,Q34517851,monarch of Tuvalu,Q9682,Elizabeth II,1978,2022
Q672,Tuvalu,Q34517851,monarch of Tuvalu,Q43274,Charles III,2022,
Q1036,Uganda,Q18204367,President of Uganda,Q57274,Yoweri Museveni,1986,
Q1036,Uganda,Q2462330,Prime Minister of Uganda,Q62481397,Robinah Nabbanja,2021,
Q212,Ukraine,Q579677,President of Ukraine,Q3874799,Volodymyr Zelenskyy,2019,
Q212,Ukraine,Q1145714,Prime Minister of Ukraine,Q61112536,Yulia Svyrydenko,2025,
Q878,United Arab Emirates,Q955006,President of the United Arab Emirates,Q1059948,Khalifa bin Zayed Al Nahyan,2004,2022
Q878,United Arab Emirates,Q955006,President of the United Arab Emirates,Q1951896,Mohammed Bin Zayed Al Nahyan,2022,
Q878,United Arab Emirates,Q30101519,Prime Minister of the United Arab Emirates,Q57655,Mohammed bin Rashid Al Maktoum,2006,
Q145,United Kingdom,Q14211,Prime Minister of the United Kingdom,Q180589,Boris Johnson,2019,2022
Q145,United Kingdom,Q14211,Prime Minister of the United Kingdom,Q272201,Liz Truss,2022,2022
Q145,United Kingdom,Q14211,Prime Minister of the United Kingdom,Q6383803,Keir Starmer,2024,
Q145,United Kingdom,Q9134365,monarch of the United Kingdom,Q9682,Elizabeth II,1952,2022
Q145,United Kingdom,Q9134365,monarch of the United Kingdom,Q43274,Charles III,2022,
Q30,United States,Q11696,President of the United States,Q22686,Donald Trump,2025,
Q77,Uruguay,Q4524807,President of Uruguay,Q19946921,Yamandú Orsi,2025,
Q265,Uzbekistan,Q7466263,President of Uzbekistan,Q57808,Shavkat Mirziyoyev,2016,
Q265,Uzbekistan,Q1348717,Prime Minister of Uzbekistan,Q28002959,Abdulla Aripov,2016,
Q686,Vanuatu,Q878217,President of Vanuatu,Q32060530,Tallis Obed Moses,2017,2022
Q686,Vanuatu,Q878217,President of Vanuatu,Q55863225,Seoule Simeon,2022,2022
Q686,Vanuatu,Q878217,President of Vanuatu,Q113239716,Nikenike Vurobaravu,2022,
Q686,Vanuatu,Q1029958,Prime Minister of Vanuatu,Q16190741,Bob Loughman,2020,2022
Q237,Vatican City,Q19546,Pope,Q293434,Óscar Andrés Rodríguez Maradiaga,2013,
Q237,Vatican City,Q19546,Pope,Q6109517,Leo XIV,2025,
Q237,Vatican City,Q2387238,President of the Pontifical Commission for the Vatican City State,Q109385659,Raffaella Petrini,2025,
Q717,Venezuela,Q11942698,President of Venezuela,Q15081116,Q15081116,2026,
Q881,Vietnam,Q866680,President of Vietnam,Q18459548,Lương Cường,2024,
Q881,Vietnam,Q1043568,Prime Minister of Vietnam,Q10806940,Phạm Minh Chính,2021,
Q881,Vietnam,Q1043568,Prime Minister of Vietnam,Q24254499,Lê Minh Hưng,2026,
Q805,Yemen,Q878256,President of Yemen,Q57480,Abdrabbuh Mansour Hadi,2012,2022
Q805,Yemen,Q878256,President of Yemen,Q12213376,Rashad al-Alimi,2022,
Q805,Yemen,Q1192903,Prime Minister of Yemen,Q7460973,Shaea al-Zindani,2026,
Q953,Zambia,Q18985034,President of Zambia,Q717185,Hakainde Hichilema,2021,
Q954,Zimbabwe,Q19056184,President of Zimbabwa,Q510523,Emmerson Mnangagwa,2017,
